,word,count
215,Short Sleeve,7241
212,Google Men,6881
10,Security Camera,6697
11,Camera USA,6558
2,Learning Thermostat,5102
3,Thermostat 3rd,5102
4,3rd Gen,5102
5,Gen USA,4993
217,Hero Tee,4594
7,Stainless Steel,4284
223,Google Women,3966
216,Sleeve Hero,3729
6,USA Stainless,3511
9,Outdoor Security,3388
8,Cam Outdoor,3388
18,Cam Indoor,3309
19,Indoor Security,3309
219,Black Google,3252
13,Smoke CO,2531
12,Protect Smoke,2531
14,CO White,2495
276,Badge Tee,2492
17,Alarm USA,2462
218,Tee Black,2413
242,Sleeve Tee,1869
220,Men Short,1861
243,Tee Charcoal,1831
234,Tee White,1737
214,Cotton Short,1726
213,Men Cotton,1726
271,Men Vintage,1643
233,Women Short,1595
651,Google Sunglasses,1523
253,Grey Google,1492
244,Charcoal Google,1446
16,Battery Alarm,1416
235,White Google,1406
15,White Battery,1399
279,Vintage Badge,1199
652,Sunglasses Google,1179
21,Wired Alarm,1115
20,White Wired,1096
804,USA White,1089
265,Android Men,1067
562,Google oz,1052
269,Tee Grey,1043
565,Bottle Google,998
298,Cap Google,962
564,Water Bottle,957
246,Navy Google,952
563,oz Water,902
126,Blue Google,879
23,Google Laptop,865
875,Thermostat E,854
227,YouTube Men,850
876,E USA,844
25,and Cell,806
27,Phone Stickers,806
26,Cell Phone,806
24,Laptop and,806
296,Twill Cap,785
231,Tee Red,764
877,Cam IQ,751
245,Tee Navy,732
301,Vintage Hero,705
300,Women Vintage,705
284,Men Long,689
311,Zip Hoodie,667
291,Sleeve Badge,625
274,Sleeve Performance,618
56,Sticker Sheet,613
878,IQ USA,599
226,Jacket Black,595
594,Bottle oz,578
581,oz Mug,565
285,Long Sleeve,552
299,Google Twill,546
232,Red Google,543
86,Pen Google,512
883,Starter Pack,498
884,Pack USA,498
880,Secure Alarm,498
275,Performance Badge,498
882,System Starter,498
881,Alarm System,498
88,Ballpoint Pen,483
222,Heather Google,479
221,Tee Heather,471
312,Hoodie Google,468
55,Android Sticker,464
509,Bag Google,461
40,LED Light,461
598,Insulated Bottle,454
909,BLM Sweatshirt,445
310,Men Zip,440
401,Women Scoop,438
402,Scoop Neck,438
403,Neck Tee,438
252,Hoodie Grey,432
241,Bike Short,431
240,Men Bike,431
255,Youth Short,429
254,Google Youth,428
491,Long Lean,424
293,Toddler Short,422
590,Sport Bottle,421
62,Custom Decals,419
61,YouTube Custom,419
70,Journal Google,415
209,Black YouTube,410
597,Wall Insulated,408
812,Google Tee,408
596,Double Wall,408
503,Sport Bag,408
595,oz Double,408
257,T shirt,396
102,Set Google,395
803,USA Copper,393
357,Graphic Tee,384
256,Sleeve T,383
668,Windup Android,381
94,Google Metallic,378
95,Metallic Notebook,378
96,Notebook Set,378
30,Maze Pen,374
261,Green Google,372
292,Google Toddler,369
484,Tee Sage,367
375,Black Android,364
492,Lean Tee,364
229,Fleece Hoodie,355
322,Full Zip,345
593,Steel Sport,336
592,17oz Stainless,336
918,Sage Google,330
120,Color Retractable,324
289,Zip Pullover,324
119,Four Color,324
121,Retractable Pen,324
71,Google Doodle,320
72,Doodle Decal,320
267,Tri blend,317
584,Red Shine,315
585,Shine oz,315
331,Heather Black,312
238,Insulated Vest,307
237,Quilted Insulated,307
350,Tee Lavender,300
230,Hoodie Black,300
105,Recycled Paper,297
107,Journal Set,297
106,Paper Journal,297
606,Can and,292
605,Foam Can,292
607,and Bottle,292
608,Bottle Cooler,292
278,Pewter Google,288
646,Google Kick,281
41,Light Pen,281
647,Kick Ball,281
39,Ballpoint LED,280
420,Vintage Tank,278
117,Stylus Pen,272
506,Shopping Bag,268
599,Bottle Android,266
354,Android BTTF,266
277,Tee Pewter,264
747,Blackout Cap,264
944,Sweatshirt BLM,264
746,Google Blackout,264
328,Men Performance,263
349,Women Long,261
83,pc Android,258
36,Badge Holder,255
579,Android Rise,250
580,Rise oz,250
591,Google 17oz,250
93,Pen Pack,249
404,Google Infant,247
388,YouTube Women,247
28,Stickers Google,245
614,Mug Google,243
307,Sleeve Raglan,242
369,Charcoal YouTube,239
380,Infant Short,236
447,Tee Blue,236
273,Tee Google,233
719,Window Decal,231
428,Vintage Henley,230
360,Charcoal Android,227
441,Tee Green,226
720,Decal Waze,225
600,oz YouTube,223
351,Lavender Google,223
339,Women Fleece,221
69,Leatherette Journal,220
616,Steel Bottle,215
669,Android Google,215
280,Men Quilted,215
498,Google Canvas,213
499,Canvas Tote,213
501,Natural Navy,213
534,Bag Sport,213
320,Women Performance,213
323,Zip Jacket,213
500,Tote Natural,213
771,Cover Journal,207
770,Hard Cover,207
768,RFID Journal,207
58,Ultra Removable,206
57,Sheet Ultra,206
505,Collapsible Shopping,204
631,Bottle Red,204
332,Google Onesie,202
421,Tank Google,194
476,Shell Jacket,193
259,Royal Blue,192
144,Keyboard DOT,188
145,DOT Sticker,188
295,YouTube Twill,182
127,Google Stylus,181
128,Pen w,181
129,w LED,181
549,Google Rucksack,181
358,Men Skater,178
513,Backpack Google,177
336,Men Watershed,176
337,Watershed Full,176
266,Sleeve Tri,175
395,Blended Cardigan,172
394,Sleeve Blended,172
38,Pen Ballpoint,170
321,Performance Full,169
361,White Android,167
363,Baseball Raglan,166
374,Cap Android,165
712,Mobile Phone,165
713,Phone Vent,165
714,Vent Mount,165
239,Vest Black,165
711,Waze Mobile,165
270,Grey Android,164
264,Microfleece Jacket,163
263,Lightweight Microfleece,163
715,Mount Waze,163
308,Raglan Ocean,162
309,Ocean Blue,162
359,Skater Tee,161
686,Ball Google,160
313,Women Zip,160
364,Raglan Heather,159
792,Gift Card,159
47,Colored Pencil,157
667,Sunglasses Windup,157
512,Style Backpack,157
511,Alpine Style,157
510,Google Alpine,157
48,Pencil Set,157
640,Bottle Foam,156
475,Weatherblock Shell,154
64,Switch Tone,153
325,Men Airflow,153
53,Pen Set,153
326,Airflow Zip,153
52,and Pen,153
65,Tone Color,153
66,Color Crayon,153
67,Crayon Pen,153
716,Waze Mood,153
51,Notebook and,153
793,Card Gift,149
1004,USA Preorder,148
1003,IQ Outdoor,148
111,Sheet Android,148
765,Journal with,145
390,White YouTube,145
764,Spiral Journal,144
766,with Pen,144
642,quot Dog,144
643,Dog Frisbee,144
586,Mug oz,143
335,blend Hoodie,142
334,Google Tri,142
356,Moonshot Graphic,141
355,BTTF Moonshot,141
787,oz Android,139
788,Android Bottle,139
775,Google Leather,139
782,Camera CA,139
773,Google Spiral,137
919,Sweatshirt Google,136
837,Sweater Navy,135
836,Crew Sweater,135
835,Google Crew,135
290,Grey Black,134
228,Men Fleece,134
767,Google RFID,134
776,Leather Journal,134
769,Google Hard,130
122,Pen YouTube,130
662,Hand Sanitizer,129
790,Bottle Infuser,129
661,oz Hand,129
789,YouTube Bottle,129
429,Henley Grey,129
571,Google Mug,128
569,Engraved Ceramic,128
34,Cleaning Cloth,128
570,Ceramic Google,128
32,Galaxy Screen,128
33,Screen Cleaning,128
437,Navy Android,127
743,Fit Hat,127
742,Stretch Fit,127
677,Dog Toy,126
76,Leatherette Notebook,126
676,Noise Dog,126
75,YouTube Leatherette,126
675,Crunch Noise,126
77,Notebook Combo,126
118,Pen Four,125
376,BTTF Cosmos,125
377,Cosmos Graphic,125
525,Waterproof Backpack,125
791,Infuser oz,124
283,Grey YouTube,124
449,Men Pep,123
450,Pep Rally,123
451,Rally Short,123
797,Lip Balm,122
796,Slender Lip,122
794,SPF Slim,122
795,Slim Slender,122
50,Spiral Notebook,121
479,Performance Tee,120
393,Android Women,120
100,Pencil Highlighter,118
99,Pen Pencil,118
857,Google Thermal,118
472,Bayside Graphic,118
858,Thermal Bottle,118
101,Highlighter Set,118
471,Men Bayside,118
389,Onesie Red,117
752,Google Panel,117
839,Convertible Vest,116
384,YouTube Youth,116
158,Red YouTube,116
840,Vest Jacket,116
656,Google Pet,115
657,Pet Feeding,115
123,Set YouTube,115
868,Google Snapback,115
658,Feeding Mat,115
340,Heather Android,114
452,Men Outerstellar,114
453,Outerstellar Short,114
385,Android Onesie,114
611,Steel Insulated,113
610,oz Stainless,113
612,Insulated Tumbler,113
798,Balm SPF,113
670,Google Collapsible,112
671,Collapsible Pet,112
249,Red Heather,112
672,Pet Bowl,112
474,Men Weatherblock,111
314,Zip Performance,111
108,Set Recycled,111
59,Removable Google,111
113,Ballpoint Stick,111
114,Stick Pen,111
315,Performance Pullover,111
250,Men Pullover,109
783,Gen CA,109
251,Pullover Hoodie,109
889,Removable Sticker,109
993,Baby Essentials,109
327,Pullover Black,109
994,Essentials Set,109
784,CA Stainless,109
992,Google Baby,109
457,Tee Purple,108
224,Women Yoga,107
629,Cooler Google,106
302,Tee Platinum,106
91,Rubber Grip,105
92,Grip Ballpoint,105
147,Sheet Google,105
443,Golf Polo,104
444,Polo Blue,104
427,Google Vintage,104
98,Roller Pen,104
442,Performance Golf,104
838,Women Convertible,102
115,Black Ballpoint,98
740,Cap Heather,98
422,Pullover Lapis,98
739,Heather Cap,98
738,Wool Heather,98
504,Bag Collapsible,97
341,Android Toddler,96
523,Lunch Bag,96
196,Journal YouTube,96
297,Cap YouTube,96
522,Google Lunch,96
303,Platinum Google,95
454,Men Take,95
911,Cardigan Charcoal,95
455,Take Charge,95
456,Charge Short,95
406,Zip Hood,95
405,Infant Zip,95
448,Blue Android,95
282,Battleship Grey,95
281,Vest Battleship,95
392,blend Badge,95
533,Tote Bag,95
602,Sergeant Stripe,94
603,Stripe Bottle,94
583,Mug Red,94
60,Stickers YouTube,94
601,YouTube Sergeant,94
329,Performance Zip,92
225,Yoga Jacket,92
236,Women Quilted,92
330,Pullover Heather,92
624,Red Stainless,91
623,oz Red,91
626,Android oz,90
550,Rucksack Google,90
125,Pen Blue,90
29,Stickers Maze,89
934,Onesie Gold,89
184,Stickers Ballpoint,89
262,Women Lightweight,88
439,Performance Hero,87
736,Hat Google,87
440,Tee Gunmetal,87
805,Google Large,87
806,Large Standard,87
807,Standard Journal,87
673,Sanitizer Google,87
722,Tee Waze,86
808,Journal Navy,86
639,Android 17oz,86
43,Color Changing,86
44,Changing Grip,86
45,Grip Pen,86
587,oz Wide,85
530,Accessory Pouch,85
588,Wide Mouth,85
529,Electronics Accessory,85
589,Mouth Sport,85
458,Purple Google,85
741,Android Stretch,84
362,Sleeve Baseball,84
423,Lapis Google,84
572,Mug Android,82
568,Bottle Engraved,82
381,Youth Baseball,82
79,Red Spiral,80
80,Spiral Google,80
268,blend Hero,80
247,Tee Sky,80
248,Sky Blue,80
383,Navy YouTube,80
288,Microfiber Zip,79
287,Men Microfiber,79
692,Android Windup,79
133,Holder Google,78
725,Waze Baby,78
728,Board Window,78
727,on Board,78
470,Gunmetal Google,78
726,Baby on,78
654,Yoga Mat,78
461,Engineer Short,78
460,Men Engineer,78
182,Satin Black,78
379,Android Infant,78
399,Softshell Jacket,78
400,Black Grey,78
735,Trucker Hat,77
207,Journal Android,77
893,Emoji Sticker,77
68,Pen Leatherette,77
396,Cardigan Grey,77
415,Youth Girl,77
659,Mat Google,76
604,Mug Foam,76
482,Henley Google,75
841,Jacket Sea,75
842,Sea Foam,75
843,Foam Green,75
324,Men Lightweight,75
414,Heather Navy,74
885,Detect USA,74
353,Hoodie Android,73
304,Pullover Blue,73
305,Blue Indigo,73
678,Toy Google,72
532,Google Tote,72
74,Decals YouTube,71
526,Backpack Sport,70
935,Gold Google,70
866,Dress Socks,70
865,Waze Dress,70
435,Red Graphite,69
46,Pen Colored,69
785,Alarm CA,69
679,Bowl Google,68
717,Mood Ninja,68
718,Ninja Window,68
867,Socks Waze,68
372,shirt Grey,68
887,Android Small,67
655,Mat Blue,67
721,Waze Men,67
888,Small Removable,67
929,Tee Light,66
469,Yellow Google,65
258,shirt Royal,65
366,Pink Google,65
615,Insulated Stainless,65
197,Set Ballpoint,65
176,Metal Texture,64
177,Texture Roller,64
508,Reusable Shopping,64
609,Cooler oz,63
960,Panel Snapback,63
961,Snapback Cap,63
378,Hoodie YouTube,63
524,Bag Waterproof,62
930,Light Blue,62
371,shirt Pewter,62
152,Blue YouTube,61
774,YouTube Hard,61
632,Bottle Opener,61
633,Opener Clip,61
916,Lean Badge,60
370,Android Youth,60
342,shirt Aqua,60
546,Laptop Backpack,59
306,Indigo Google,59
927,Red Android,59
333,Onesie Green,59
519,Suitcase Organizer,58
663,Frisbee Google,58
520,Organizer Cubes,58
373,Android Twill,57
316,Pullover Two,57
317,Two Tone,57
318,Tone Blue,57
149,Pen Recycled,57
191,Pen Maze,56
723,Mood Original,55
724,Original Window,55
462,Men Around,55
464,The Block,55
466,Tee Ash,55
201,Set pc,55
874,Journal Black,55
398,Men Softshell,55
465,Block Short,55
463,Around The,55
260,shirt Green,54
645,Selfie Stick,54
644,Compact Selfie,54
490,Tube Toddler,54
753,Panel Cap,54
150,Rainbow Stylus,54
489,You Tube,54
54,Set Android,54
822,Sweatshirt Navy,53
820,Google Crewneck,53
821,Crewneck Sweatshirt,53
734,Google Trucker,51
517,Travel Bag,51
514,Google Slim,51
515,Slim Utility,51
516,Utility Travel,51
778,Leather Perforated,50
167,Pen pc,50
779,Perforated Journal,50
502,Navy Sport,50
143,Set Maze,50
407,Hood Royal,49
467,Ash Google,49
953,Cooler Android,49
89,Pen Red,49
436,Graphite Google,49
445,Android Lifted,49
446,Lifted Men,49
159,Set Four,49
109,Set Badge,49
780,Android RFID,49
635,oz Blue,47
416,Girl Hoodie,47
494,Vest White,47
628,Contigo Bottle,46
1013,Android Wool,46
493,Hood Pink,46
846,Google Zip,46
627,oz Contigo,46
193,Pen Switch,45
745,M L,45
136,Pen Matching,45
137,Matching Tube,45
744,Hat M,45
138,Tube Case,45
1015,Hat Black,45
1014,Snapback Hat,45
477,Black Men,45
962,Spiral Leather,45
828,Tone Hoodie,44
352,Jacket Charcoal,44
827,Android Tone,44
346,Men Sleeve,44
698,Lunch Kit,44
161,Cloth Google,44
697,Android Lunch,44
799,Men Paradise,43
932,Women Weatherblock,43
755,Google Stretch,43
801,Tee Olive,43
913,Crew Tee,43
861,Bottle Blue,43
800,Paradise Short,43
912,Badge Crew,43
365,Pewter Android,43
890,Android Large,42
151,Decals Ballpoint,42
891,Large Removable,42
545,Sports Bag,41
544,front Sports,41
286,Pullover Badge,41
131,Roller Ball,41
777,Journal Brown,41
543,Zipper front,41
664,Google Executive,41
665,Executive Umbrella,41
132,Ball Pen,41
542,Google Zipper,41
130,Gunmetal Roller,41
687,Sunglasses quot,41
148,Decal Maze,41
73,Decal YouTube,40
815,Trike Tee,40
814,Google Trike,40
680,Ball Windup,40
856,Rucksack Sport,40
272,Vintage Tee,40
97,Gel Roller,40
468,shirt Yellow,40
347,Raglan Henley,40
871,Snapback Black,39
419,Onesie Heather,39
418,YouTube Onesie,39
922,Jacket Blue,39
921,Women Shell,39
539,Bag Electronics,38
183,Set Keyboard,38
411,Raglan Shirt,37
116,Ballpoint Stylus,37
410,Toddler Raglan,37
892,Google Emoji,37
737,Google Wool,37
894,Sticker Pack,37
412,Shirt Blue,37
413,Blue Heather,37
294,Green YouTube,37
813,Tee Yellow,37
553,Backpack Collapsible,37
348,Henley Black,36
78,Combo Google,36
830,Matrix Tee,35
829,Android Matrix,35
518,Bag Suitcase,35
802,Olive Android,35
178,Leather and,35
179,and Metal,35
180,Metal Ballpoint,35
914,Henley YouTube,35
931,Black BLM,35
135,Pack Ballpoint,34
507,Bag Reusable,34
87,Retractable Ballpoint,34
344,shirt Pink,34
920,Tank Android,34
941,Tank YouTube,34
163,Stickers Four,34
1008,Sheet Emoji,34
763,YouTube Spiral,33
566,Infuser Top,33
732,Typography Short,33
567,Top Water,33
165,Grip Highlighter,33
166,Highlighter Pen,33
368,Hoodie Royal,33
367,Toddler Hoodie,33
674,Sunglasses Crunch,33
42,Pen Color,33
31,Pen Galaxy,33
781,Brown Google,32
831,YouTube lines,32
832,lines Tee,32
168,YouTube Notebook,32
653,Sunglasses Yoga,32
521,Cubes Google,31
49,Set Spiral,31
195,Set Leatherette,31
391,Tee YouTube,31
181,Pen Satin,31
969,Waterproof Gear,31
970,Gear Bag,31
870,Navy Cap,31
869,Snapback Navy,31
917,Lavender Android,31
924,Lavender YouTube,31
438,Aqua Google,31
730,Happy Window,30
729,Mood Happy,30
417,Green Android,30
810,Stickers pc,30
156,Set Colored,30
478,Black Women,30
480,Girl Tee,30
952,Cooler Red,30
187,Pen Keyboard,30
954,Cooler Foam,30
90,Pen Rubber,30
204,Decals pc,29
531,Pouch Google,29
688,Frisbee quot,29
172,Executive Twist,29
173,Twist Ballpoint,29
833,YouTube Kids,28
630,Tumbler oz,28
81,Holder YouTube,28
527,Backpack Waterproof,27
185,Set Red,27
757,S M,27
756,Hat S,27
343,Aqua Android,27
855,Backpack Blue,27
854,Rolltop Backpack,27
853,Google Rolltop,27
859,Bottle Green,26
648,Ball quot,26
192,Decals Maze,26
898,Decal Set,26
897,of Decal,26
582,Mug Engraved,26
154,Decal Four,26
896,Pack of,26
895,Waze Pack,26
433,Heavyweight Long,26
910,Sweatshirt Android,26
955,Yoga Block,26
155,Pen Spiral,26
434,Onesie Royal,26
649,Seat Pack,26
650,Pack Organizer,26
751,YouTube Trucker,26
104,Pack Recycled,25
946,Charcoal BLM,25
915,Purple Android,25
210,Stickers Recycled,24
620,Google Accent,24
473,Charcoal Men,24
486,Performance Polo,24
487,Polo Grey,24
141,Journal Book,24
772,YouTube RFID,24
142,Book Set,24
956,Kit Google,24
621,Accent Insulated,24
112,Decal Ballpoint,23
556,Zipper Top,23
557,Top Tote,23
37,Holder Maze,23
852,Women Softshell,23
555,Large Zipper,23
926,Colorblock Tee,23
560,Navy Collapsible,23
397,White Men,23
35,Cloth Badge,22
826,Protector Tee,22
573,Android Glass,22
809,Sheet Ballpoint,22
577,Black Sleeve,22
162,Stickers Switch,22
574,Glass Water,22
925,Men Colorblock,22
575,Bottle with,22
576,with Black,22
825,Google Protector,22
157,Set Galaxy,22
666,Umbrella Google,22
731,Men Typography,22
847,Google Braille,22
345,Pink Android,22
485,Sage Android,22
848,Braille Tee,22
694,Frisbee Windup,21
879,Tag USA,21
426,Badge Henley,21
425,Raglan Badge,21
424,Google Sleeve,21
759,L Navy,21
559,Rucksack Collapsible,20
140,Combo YouTube,20
188,Sheet Maze,20
139,Notebook Google,20
834,Kids Tee,20
430,Raglan Cranberry,19
951,Clip Foam,19
681,Bowl Windup,18
558,Navy Waterproof,18
689,Ball Crunch,18
175,Pen Metal,18
199,Pack Leatherette,18
538,Pouch Set,18
85,Holder Ballpoint,18
536,Softsided Travel,18
537,Travel Pouch,18
547,Pouch Collapsible,17
153,Pen Rainbow,17
186,Light pc,17
707,Android Yoga,17
634,Clip oz,17
901,Decal Switch,17
900,Removable Keyboard,17
979,Skater Badge,17
860,Bottle Yellow,16
908,Hoodie BLM,16
761,L XL,16
382,Youth Sports,16
205,Decals Four,16
760,Hat L,16
905,Decals Keyboard,16
431,Cranberry Google,16
906,Set Switch,15
459,Grey Men,15
483,Yoga Pants,15
625,Tumbler Red,15
754,YouTube Wool,15
758,M Navy,15
700,Mat Crunch,15
683,Frisbee Crunch,15
907,Stickers Keyboard,15
989,Pouch Sport,14
110,Holder pc,14
823,Women Peace,14
824,Peace Tee,14
973,Sheet Keyboard,14
976,Set Rubber,14
408,Zip Fleece,14
409,Fleece Pewter,14
978,Jacket Pewter,14
319,White Women,14
985,Men Heavyweight,14
134,Stickers Rubber,14
174,Decal Leatherette,13
613,Tumbler Engraved,13
964,Bike Saddle,13
561,Set Waterproof,13
845,Flower Tee,13
528,Backpack Electronics,13
963,UpCycled Bike,13
63,Decals Switch,13
965,Saddle Bag,13
971,Holder Keyboard,13
939,Gold Android,13
938,Sports T,13
937,Toddler Sports,13
170,Pack Spiral,13
819,Yellow YouTube,13
980,Onesie Baby,13
981,Baby Blue,13
703,Toy Windup,13
844,Google Flower,13
936,Red You,12
637,Green Apple,12
977,Light Colored,12
987,Navy Electronics,12
988,Bag Large,12
189,Stickers Galaxy,12
933,Cap Men,12
638,Apple Stainless,12
695,Sanitizer Windup,12
705,Straw Beach,12
750,Terry Cap,12
749,French Terry,12
748,Google French,12
684,Sunglasses Compact,12
146,Journal pc,12
817,Favorite Tee,12
169,Pack Rubber,12
816,Women Favorite,12
554,Rucksack Waterproof,12
386,Onesie Sprout,12
387,Sprout Green,12
699,Kit Windup,12
706,Beach Mat,12
618,Monster Bottle,12
617,Insulated Monster,12
432,Android Heavyweight,12
160,Light Galaxy,12
902,Stickers Metal,11
535,Bag Softsided,11
959,Ball Yoga,11
203,Stickers Satin,11
943,Tank BLM,11
198,Pen Gel,11
702,Mat Purple,11
733,Women Typography,11
206,Decals Recycled,11
950,Cubes Sport,10
811,Light Maze,10
124,Combo Maze,10
709,Toy quot,10
966,Bag UpCycled,10
164,Holder Four,10
990,Tumbler Foam,10
82,Combo pc,10
899,Set Metal,10
1000,Decal Colored,10
619,Sleeve Google,10
975,Decal Galaxy,9
541,Navy Reusable,9
1007,Handlebar Bag,9
1006,UpCycled Handlebar,9
701,Toy Crunch,9
338,Indigo YouTube,9
202,Light Leatherette,9
1023,Tee Burgundy,9
928,Graphite YouTube,9
949,Navy Suitcase,8
171,Set Executive,8
851,Kids Onesie,8
984,Back Tank,8
983,Racer Back,8
982,Women Racer,8
548,Pouch Electronics,8
972,Pack Rainbow,8
208,Removable Maze,8
84,Sheet Switch,8
1024,Burgundy Google,8
540,Pouch Reusable,7
762,XL Navy,7
1002,Frisbee Yoga,7
873,Transmission Journal,7
872,YouTube Transmission,7
704,Sunglasses Seat,7
481,Navy Men,7
552,Rucksack Electronics,7
1020,Hero Dark,7
682,Mat quot,7
974,Pack Gel,7
690,Ball Compact,7
947,Backpack Suitcase,7
923,Heather Men,7
495,White Black,7
1021,Dark Grey,7
641,Cooler Engraved,6
1017,Baby Esssentials,6
904,Removable Colored,6
850,Dash Tee,6
551,Rucksack Reusable,6
991,Cloth Maze,6
849,Women Dash,6
957,Mat Yoga,6
691,Umbrella Windup,6
211,Combo Spiral,6
708,Sanitizer Crunch,6
103,Set Gel,6
967,Set UpCycled,6
1018,Esssentials Set,6
986,Hoodie Men,5
996,Umbrella Yoga,5
998,Stick Crunch,5
903,Removable Satin,5
496,Tee Cornflower,5
497,Cornflower Blue,5
948,Cubes Collapsible,5
696,Android Android,5
578,Sleeve Android,5
693,Stick quot,5
1019,Bowl Crunch,5
190,Cloth Keyboard,5
660,Organizer Compact,5
940,Red Men,5
200,Case Leatherette,5
968,Black Pen,4
488,Yellow You,4
864,Hub Mug,4
997,Toy Compact,4
685,Stick Compact,4
958,Umbrella Crunch,4
818,Women Coder,4
1010,Panel Low,3
1011,Low Cap,3
0,Force,3
862,Google White,3
863,oz Bottle,3
22,USA Google,3
636,Sleeve Red,3
710,Sanitizer Straw,3
886,USA Android,3
622,Sleeve oz,2
786,Steel oz,2
1001,Set Men,2
1005,USA Waze,2
945,Blue Men,2
995,Blue Women,2
1012,Sleeve Insulated,1
1016,White Pen,1
942,Cap Women,1
1009,Steel Google,1
1,Pages,1
1022,USA Badge,1
194,Black Badge,1
999,White Badge,1
1025,CA Google,1
